{"cameraMode":{"drawMode":0,"name":"Shaded","section":"Shading Mode"},"sceneLighting":true,"audioPlay":false,"sceneViewState":{"m_AlwaysRefresh":false,"showFog":true,"showSkybox":true,"showFlares":true,"showImageEffects":true,"showParticleSystems":true,"showVisualEffectGraphs":true,"m_FxEnabled":true},"in2DMode":false,"pivot":{"x":-0.1474476307630539,"y":0.8918195962905884,"z":13.254569053649903},"rotation":{"x":0.028791518881917,"y":-0.9632291793823242,"z":0.2412368208169937,"w":0.11496179550886154},"size":1.0661160945892335,"orthographic":false}