{"cameraMode":{"drawMode":0,"name":"Shaded","section":"Shading Mode"},"sceneLighting":true,"audioPlay":false,"sceneViewState":{"m_AlwaysRefresh":false,"showFog":true,"showSkybox":true,"showFlares":true,"showImageEffects":true,"showParticleSystems":true,"showVisualEffectGraphs":true,"m_FxEnabled":true},"in2DMode":false,"pivot":{"x":1.1174719333648682,"y":1.031578779220581,"z":-1.600846767425537},"rotation":{"x":-0.0021712614689022304,"y":-0.9975146651268005,"z":0.06082193925976753,"w":-0.035630617290735248},"size":3.9796488285064699,"orthographic":false}